{
  "data": [
    {
      "aoguid": "d8327a56-80de-4df2-815c-4f6ab1224c50",
      "disid": "2",
      "name": "Адыгея Республика",
      "okato": "79000000000",
      "parentguid": "",
      "regioncode": "01"
    },
    {
      "aoguid": "5c48611f-5de6-4771-9695-7e36a4e7529d",
      "disid": "5",
      "name": "Алтай Республика",
      "okato": "84000000000",
      "parentguid": "",
      "regioncode": "04"
    },
    {
      "aoguid": "8276c6a1-1a86-4f0d-8920-aba34d4cc34a",
      "disid": "5",
      "name": "Алтайский край",
      "okato": "01000000000",
      "parentguid": "",
      "regioncode": "22"
    },
    {
      "aoguid": "844a80d6-5e31-4017-b422-4d9c01e9942c",
      "disid": "4",
      "name": "Амурская область",
      "okato": "10000000000",
      "parentguid": "",
      "regioncode": "28"
    },
    {
      "aoguid": "294277aa-e25d-428c-95ad-46719c4ddb44",
      "disid": "3",
      "name": "Архангельская область",
      "okato": "11000000000",
      "parentguid": "",
      "regioncode": "29"
    },
    {
      "aoguid": "83009239-25cb-4561-af8e-7ee111b1cb73",
      "disid": "2",
      "name": "Астраханская область",
      "okato": "12000000000",
      "parentguid": "",
      "regioncode": "30"
    },
    {
      "aoguid": "6f2cbfd8-692a-4ee4-9b16-067210bde3fc",
      "disid": "7",
      "name": "Башкортостан Республика",
      "okato": "80000000000",
      "parentguid": "",
      "regioncode": "02"
    },
    {
      "aoguid": "639efe9d-3fc8-4438-8e70-ec4f2321f2a7",
      "disid": "1",
      "name": "Белгородская область",
      "okato": "14000000000",
      "parentguid": "",
      "regioncode": "31"
    },
    {
      "aoguid": "f5807226-8be0-4ea8-91fc-39d053aec1e2",
      "disid": "1",
      "name": "Брянская область",
      "okato": "15000000000",
      "parentguid": "",
      "regioncode": "32"
    },
    {
      "aoguid": "a84ebed3-153d-4ba9-8532-8bdf879e1f5a",
      "disid": "5",
      "name": "Бурятия Республика",
      "okato": "81000000000",
      "parentguid": "",
      "regioncode": "03"
    },
    {
      "aoguid": "b8837188-39ee-4ff9-bc91-fcc9ed451bb3",
      "disid": "1",
      "name": "Владимирская область",
      "okato": "17000000000",
      "parentguid": "",
      "regioncode": "33"
    },
    {
      "aoguid": "da051ec8-da2e-4a66-b542-473b8d221ab4",
      "disid": "2",
      "name": "Волгоградская область",
      "okato": "18000000000",
      "parentguid": "",
      "regioncode": "34"
    },
    {
      "aoguid": "ed36085a-b2f5-454f-b9a9-1c9a678ee618",
      "disid": "3",
      "name": "Вологодская область",
      "okato": "19000000000",
      "parentguid": "",
      "regioncode": "35"
    },
    {
      "aoguid": "b756fe6b-bbd3-44d5-9302-5bfcc740f46e",
      "disid": "1",
      "name": "Воронежская область",
      "okato": "20000000000",
      "parentguid": "",
      "regioncode": "36"
    },
    {
      "aoguid": "0bb7fa19-736d-49cf-ad0e-9774c4dae09b",
      "disid": "8",
      "name": "Дагестан Республика",
      "okato": "82000000000",
      "parentguid": "",
      "regioncode": "05"
    },
    {
      "aoguid": "1b507b09-48c9-434f-bf6f-65066211c73e",
      "disid": "4",
      "name": "Еврейская Аобл",
      "okato": "99000000000",
      "parentguid": "",
      "regioncode": "79"
    },
    {
      "aoguid": "b6ba5716-eb48-401b-8443-b197c9578734",
      "disid": "5",
      "name": "Забайкальский край",
      "okato": "76000000000",
      "parentguid": "",
      "regioncode": "75"
    },
    {
      "aoguid": "0824434f-4098-4467-af72-d4f702fed335",
      "disid": "1",
      "name": "Ивановская область",
      "okato": "24000000000",
      "parentguid": "",
      "regioncode": "37"
    },
    {
      "aoguid": "b2d8cd20-cabc-4deb-afad-f3c4b4d55821",
      "disid": "8",
      "name": "Ингушетия Республика",
      "okato": "26000000000",
      "parentguid": "",
      "regioncode": "06"
    },
    {
      "aoguid": "6466c988-7ce3-45e5-8b97-90ae16cb1249",
      "disid": "5",
      "name": "Иркутская область",
      "okato": "25000000000",
      "parentguid": "",
      "regioncode": "38"
    },
    {
      "aoguid": "1781f74e-be4a-4697-9c6b-493057c94818",
      "disid": "8",
      "name": "Кабардино-Балкарская Республика",
      "okato": "83000000000",
      "parentguid": "",
      "regioncode": "07"
    },
    {
      "aoguid": "90c7181e-724f-41b3-b6c6-bd3ec7ae3f30",
      "disid": "3",
      "name": "Калининградская область",
      "okato": "27000000000",
      "parentguid": "",
      "regioncode": "39"
    },
    {
      "aoguid": "491cde9d-9d76-4591-ab46-ea93c079e686",
      "disid": "2",
      "name": "Калмыкия Республика",
      "okato": "85000000000",
      "parentguid": "",
      "regioncode": "08"
    },
    {
      "aoguid": "18133adf-90c2-438e-88c4-62c41656de70",
      "disid": "1",
      "name": "Калужская область",
      "okato": "29000000000",
      "parentguid": "",
      "regioncode": "40"
    },
    {
      "aoguid": "d02f30fc-83bf-4c0f-ac2b-5729a866a207",
      "disid": "4",
      "name": "Камчатский край",
      "okato": "30000000000",
      "parentguid": "",
      "regioncode": "41"
    },
    {
      "aoguid": "61b95807-388a-4cb1-9bee-889f7cf811c8",
      "disid": "8",
      "name": "Карачаево-Черкесская Республика",
      "okato": "91000000000",
      "parentguid": "",
      "regioncode": "09"
    },
    {
      "aoguid": "248d8071-06e1-425e-a1cf-d1ff4c4a14a8",
      "disid": "3",
      "name": "Карелия Республика",
      "okato": "86000000000",
      "parentguid": "",
      "regioncode": "10"
    },
    {
      "aoguid": "393aeccb-89ef-4a7e-ae42-08d5cebc2e30",
      "disid": "5",
      "name": "Кемеровская область",
      "okato": "32000000000",
      "parentguid": "",
      "regioncode": "42"
    },
    {
      "aoguid": "0b940b96-103f-4248-850c-26b6c7296728",
      "disid": "7",
      "name": "Кировская область",
      "okato": "33000000000",
      "parentguid": "",
      "regioncode": "43"
    },
    {
      "aoguid": "c20180d9-ad9c-46d1-9eff-d60bc424592a",
      "disid": "3",
      "name": "Коми Республика",
      "okato": "87000000000",
      "parentguid": "",
      "regioncode": "11"
    },
    {
      "aoguid": "15784a67-8cea-425b-834a-6afe0e3ed61c",
      "disid": "1",
      "name": "Костромская область",
      "okato": "34000000000",
      "parentguid": "",
      "regioncode": "44"
    },
    {
      "aoguid": "d00e1013-16bd-4c09-b3d5-3cb09fc54bd8",
      "disid": "2",
      "name": "Краснодарский край",
      "okato": "03000000000",
      "parentguid": "",
      "regioncode": "23"
    },
    {
      "aoguid": "db9c4f8b-b706-40e2-b2b4-d31b98dcd3d1",
      "disid": "5",
      "name": "Красноярский край",
      "okato": "04000000000",
      "parentguid": "",
      "regioncode": "24"
    },
    {
      "aoguid": "",
      "disid": "",
      "name": "Крым",
      "okato": "",
      "parentguid": "",
      "regioncode": ""
    },
    {
      "aoguid": "4a3d970f-520e-46b9-b16c-50d4ca7535a8",
      "disid": "6",
      "name": "Курганская область",
      "okato": "37000000000",
      "parentguid": "",
      "regioncode": "45"
    },
    {
      "aoguid": "ee594d5e-30a9-40dc-b9f2-0add1be44ba1",
      "disid": "1",
      "name": "Курская область",
      "okato": "38000000000",
      "parentguid": "",
      "regioncode": "46"
    },
    {
      "aoguid": "6d1ebb35-70c6-4129-bd55-da3969658f5d",
      "disid": "3",
      "name": "Ленинградская область",
      "okato": "41000000000",
      "parentguid": "",
      "regioncode": "47"
    },
    {
      "aoguid": "1490490e-49c5-421c-9572-5673ba5d80c8",
      "disid": "1",
      "name": "Липецкая область",
      "okato": "42000000000",
      "parentguid": "",
      "regioncode": "48"
    },
    {
      "aoguid": "9c05e812-8679-4710-b8cb-5e8bd43cdf48",
      "disid": "4",
      "name": "Магаданская область",
      "okato": "44000000000",
      "parentguid": "",
      "regioncode": "49"
    },
    {
      "aoguid": "de2cbfdf-9662-44a4-a4a4-8ad237ae4a3e",
      "disid": "7",
      "name": "Марий Эл Республика",
      "okato": "88000000000",
      "parentguid": "",
      "regioncode": "12"
    },
    {
      "aoguid": "37a0c60a-9240-48b5-a87f-0d8c86cdb6e1",
      "disid": "7",
      "name": "Мордовия Республика",
      "okato": "89000000000",
      "parentguid": "",
      "regioncode": "13"
    },
    {
      "aoguid": "0c5b2444-70a0-4932-980c-b4dc0d3f02b5",
      "disid": "1",
      "name": "Москва",
      "okato": "45000000000",
      "parentguid": "",
      "regioncode": "77"
    },
    {
      "aoguid": "29251dcf-00a1-4e34-98d4-5c47484a36d4",
      "disid": "1",
      "name": "Московская область",
      "okato": "46000000000",
      "parentguid": "",
      "regioncode": "50"
    },
    {
      "aoguid": "1c727518-c96a-4f34-9ae6-fd510da3be03",
      "disid": "3",
      "name": "Мурманская область",
      "okato": "47000000000",
      "parentguid": "",
      "regioncode": "51"
    },
    {
      "aoguid": "89db3198-6803-4106-9463-cbf781eff0b8",
      "disid": "3",
      "name": "Ненецкий АО",
      "okato": "11100000000",
      "parentguid": "",
      "regioncode": "83"
    },
    {
      "aoguid": "88cd27e2-6a8a-4421-9718-719a28a0a088",
      "disid": "7",
      "name": "Нижегородская область",
      "okato": "22000000000",
      "parentguid": "",
      "regioncode": "52"
    },
    {
      "aoguid": "e5a84b81-8ea1-49e3-b3c4-0528651be129",
      "disid": "3",
      "name": "Новгородская область",
      "okato": "49000000000",
      "parentguid": "",
      "regioncode": "53"
    },
    {
      "aoguid": "1ac46b49-3209-4814-b7bf-a509ea1aecd9",
      "disid": "5",
      "name": "Новосибирская область",
      "okato": "50000000000",
      "parentguid": "",
      "regioncode": "54"
    },
    {
      "aoguid": "05426864-466d-41a3-82c4-11e61cdc98ce",
      "disid": "5",
      "name": "Омская область",
      "okato": "52000000000",
      "parentguid": "",
      "regioncode": "55"
    },
    {
      "aoguid": "8bcec9d6-05bc-4e53-b45c-ba0c6f3a5c44",
      "disid": "7",
      "name": "Оренбургская область",
      "okato": "53000000000",
      "parentguid": "",
      "regioncode": "56"
    },
    {
      "aoguid": "5e465691-de23-4c4e-9f46-f35a125b5970",
      "disid": "1",
      "name": "Орловская область",
      "okato": "54000000000",
      "parentguid": "",
      "regioncode": "57"
    },
    {
      "aoguid": "c99e7924-0428-4107-a302-4fd7c0cca3ff",
      "disid": "7",
      "name": "Пензенская область",
      "okato": "56000000000",
      "parentguid": "",
      "regioncode": "58"
    },
    {
      "aoguid": "4f8b1a21-e4bb-422f-9087-d3cbf4bebc14",
      "disid": "7",
      "name": "Пермский край",
      "okato": "57000000000",
      "parentguid": "",
      "regioncode": "59"
    },
    {
      "aoguid": "43909681-d6e1-432d-b61f-ddac393cb5da",
      "disid": "4",
      "name": "Приморский край",
      "okato": "05000000000",
      "parentguid": "",
      "regioncode": "25"
    },
    {
      "aoguid": "f6e148a1-c9d0-4141-a608-93e3bd95e6c4",
      "disid": "3",
      "name": "Псковская область",
      "okato": "58000000000",
      "parentguid": "",
      "regioncode": "60"
    },
    {
      "aoguid": "f10763dc-63e3-48db-83e1-9c566fe3092b",
      "disid": "2",
      "name": "Ростовская область",
      "okato": "60000000000",
      "parentguid": "",
      "regioncode": "61"
    },
    {
      "aoguid": "963073ee-4dfc-48bd-9a70-d2dfc6bd1f31",
      "disid": "1",
      "name": "Рязанская область",
      "okato": "61000000000",
      "parentguid": "",
      "regioncode": "62"
    },
    {
      "aoguid": "df3d7359-afa9-4aaa-8ff9-197e73906b1c",
      "disid": "7",
      "name": "Самарская область",
      "okato": "36000000000",
      "parentguid": "",
      "regioncode": "63"
    },
    {
      "aoguid": "c2deb16a-0330-4f05-821f-1d09c93331e6",
      "disid": "3",
      "name": "Санкт-Петербург",
      "okato": "40000000000",
      "parentguid": "",
      "regioncode": "78"
    },
    {
      "aoguid": "df594e0e-a935-4664-9d26-0bae13f904fe",
      "disid": "7",
      "name": "Саратовская область",
      "okato": "63000000000",
      "parentguid": "",
      "regioncode": "64"
    },
    {
      "aoguid": "c225d3db-1db6-4063-ace0-b3fe9ea3805f",
      "disid": "4",
      "name": "Саха Якутия Республика",
      "okato": "98000000000",
      "parentguid": "",
      "regioncode": "14"
    },
    {
      "aoguid": "aea6280f-4648-460f-b8be-c2bc18923191",
      "disid": "4",
      "name": "Сахалинская область",
      "okato": "64000000000",
      "parentguid": "",
      "regioncode": "65"
    },
    {
      "aoguid": "92b30014-4d52-4e2e-892d-928142b924bf",
      "disid": "6",
      "name": "Свердловская область",
      "okato": "65000000000",
      "parentguid": "",
      "regioncode": "66"
    },
    {
      "aoguid": "de459e9c-2933-4923-83d1-9c64cfd7a817",
      "disid": "8",
      "name": "Северная Осетия - Алания Республика",
      "okato": "90000000000",
      "parentguid": "",
      "regioncode": "15"
    },
    {
      "aoguid": "e8502180-6d08-431b-83ea-c7038f0df905",
      "disid": "1",
      "name": "Смоленская область",
      "okato": "66000000000",
      "parentguid": "",
      "regioncode": "67"
    },
    {
      "aoguid": "327a060b-878c-4fb4-8dc4-d5595871a3d8",
      "disid": "8",
      "name": "Ставропольский край",
      "okato": "07000000000",
      "parentguid": "",
      "regioncode": "26"
    },
    {
      "aoguid": "a9a71961-9363-44ba-91b5-ddf0463aebc2",
      "disid": "1",
      "name": "Тамбовская область",
      "okato": "68000000000",
      "parentguid": "",
      "regioncode": "68"
    },
    {
      "aoguid": "0c089b04-099e-4e0e-955a-6bf1ce525f1a",
      "disid": "7",
      "name": "Татарстан Республика",
      "okato": "92000000000",
      "parentguid": "",
      "regioncode": "16"
    },
    {
      "aoguid": "61723327-1c20-42fe-8dfa-402638d9b396",
      "disid": "1",
      "name": "Тверская область",
      "okato": "28000000000",
      "parentguid": "",
      "regioncode": "69"
    },
    {
      "aoguid": "889b1f3a-98aa-40fc-9d3d-0f41192758ab",
      "disid": "5",
      "name": "Томская область",
      "okato": "69000000000",
      "parentguid": "",
      "regioncode": "70"
    },
    {
      "aoguid": "d028ec4f-f6da-4843-ada6-b68b3e0efa3d",
      "disid": "1",
      "name": "Тульская область",
      "okato": "70000000000",
      "parentguid": "",
      "regioncode": "71"
    },
    {
      "aoguid": "026bc56f-3731-48e9-8245-655331f596c0",
      "disid": "5",
      "name": "Тыва Республика",
      "okato": "93000000000",
      "parentguid": "",
      "regioncode": "17"
    },
    {
      "aoguid": "54049357-326d-4b8f-b224-3c6dc25d6dd3",
      "disid": "6",
      "name": "Тюменская область",
      "okato": "71000000000",
      "parentguid": "",
      "regioncode": "72"
    },
    {
      "aoguid": "52618b9c-bcbb-47e7-8957-95c63f0b17cc",
      "disid": "7",
      "name": "Удмуртская Республика",
      "okato": "94000000000",
      "parentguid": "",
      "regioncode": "18"
    },
    {
      "aoguid": "fee76045-fe22-43a4-ad58-ad99e903bd58",
      "disid": "7",
      "name": "Ульяновская область",
      "okato": "73000000000",
      "parentguid": "",
      "regioncode": "73"
    },
    {
      "aoguid": "7d468b39-1afa-41ec-8c4f-97a8603cb3d4",
      "disid": "4",
      "name": "Хабаровский край",
      "okato": "08000000000",
      "parentguid": "",
      "regioncode": "27"
    },
    {
      "aoguid": "8d3f1d35-f0f4-41b5-b5b7-e7cadf3e7bd7",
      "disid": "5",
      "name": "Хакасия Республика",
      "okato": "95000000000",
      "parentguid": "",
      "regioncode": "19"
    },
    {
      "aoguid": "d66e5325-3a25-4d29-ba86-4ca351d9704b",
      "disid": "6",
      "name": "Ханты-Мансийский Автономный округ - Югра АО",
      "okato": "71100000000",
      "parentguid": "",
      "regioncode": "86"
    },
    {
      "aoguid": "27eb7c10-a234-44da-a59c-8b1f864966de",
      "disid": "6",
      "name": "Челябинская область",
      "okato": "75000000000",
      "parentguid": "",
      "regioncode": "74"
    },
    {
      "aoguid": "de67dc49-b9ba-48a3-a4cc-c2ebfeca6c5e",
      "disid": "8",
      "name": "Чеченская Республика",
      "okato": "96000000000",
      "parentguid": "",
      "regioncode": "20"
    },
    {
      "aoguid": "878fc621-3708-46c7-a97f-5a13a4176b3e",
      "disid": "7",
      "name": "Чувашская Республика",
      "okato": "97000000000",
      "parentguid": "",
      "regioncode": "21"
    },
    {
      "aoguid": "f136159b-404a-4f1f-8d8d-d169e1374d5c",
      "disid": "4",
      "name": "Чукотский АО",
      "okato": "77000000000",
      "parentguid": "",
      "regioncode": "87"
    },
    {
      "aoguid": "826fa834-3ee8-404f-bdbc-13a5221cfb6e",
      "disid": "6",
      "name": "Ямало-Ненецкий АО",
      "okato": "71140000000",
      "parentguid": "",
      "regioncode": "89"
    },
    {
      "aoguid": "a84b2ef4-db03-474b-b552-6229e801ae9b",
      "disid": "1",
      "name": "Ярославская область",
      "okato": "78000000000",
      "parentguid": "",
      "regioncode": "76"
    }
  ]
}